[
    {
        "id": 47,
        "question": "Where's the Mississippi river?",
        "answer": "USA",
        "author": {
            "isAdmin": false,
            "username": "ManuelGuarinosLópez",
            "photo": {
                "filename": null,
                "mime": null,
                "url": "https://lh3.googleusercontent.com/a-/AOh14Gjhi_DRZi7QrPQdqNuM-5LW-CRSGQyU57S510Z1Gg=s96-c"
            }
        },
        "attachment": {
            "filename": "tnciowa_mississippiriver_4000x2200.jpg",
            "mime": "image/jpeg",
            "url": "https://core.dit.upm.es/uploads/1cfb5ecc1f5e6ebcf14b602020a605a427c4193abe143fd1d40ecfa3f44b2911"
        },
        "favourite": true
    },
    {
        "id": 39,
        "question": "¿Quién es el profesor de IWEB?",
        "answer": "Santiago Pavón",
        "author": {
            "isAdmin": false,
            "username": "ManuelGuarinosLópez",
            "photo": {
                "filename": null,
                "mime": null,
                "url": "https://lh3.googleusercontent.com/a-/AOh14Gjhi_DRZi7QrPQdqNuM-5LW-CRSGQyU57S510Z1Gg=s96-c"
            }
        },
        "attachment": null,
        "favourite": false
    },
    {
        "id": 20,
        "question": "Capital of Czech Republic",
        "answer": "Prague",
        "author": {
            "isAdmin": true,
            "username": "admin",
            "photo": {
                "filename": "spg072.jpg",
                "mime": "image/jpeg",
                "url": "https://core.dit.upm.es/uploads/91712eceb48a55c134e80c8f38e955711cbeda8d59b19192fb75f945fcb0fb60"
            }
        },
        "attachment": {
            "filename": "capitals/Prague.jpg",
            "mime": "image/jpeg",
            "url": "https://core.dit.upm.es/uploads/capitals/Prague.jpg"
        },
        "favourite": true
    },
    {
        "id": 13,
        "question": "Capital of Madagascar",
        "answer": "Antananarivo",
        "author": {
            "isAdmin": true,
            "username": "admin",
            "photo": {
                "filename": "spg072.jpg",
                "mime": "image/jpeg",
                "url": "https://core.dit.upm.es/uploads/91712eceb48a55c134e80c8f38e955711cbeda8d59b19192fb75f945fcb0fb60"
            }
        },
        "attachment": {
            "filename": "capitals/Antananarivo.jpg",
            "mime": "image/jpeg",
            "url": "https://core.dit.upm.es/uploads/capitals/Antananarivo.jpg"
        },
        "favourite": true
    },
    {
        "id": 62,
        "question": "Qué sistema operativo es este",
        "answer": "Windows 95",
        "author": {
            "isAdmin": false,
            "username": "RamónHernández",
            "photo": {
                "filename": null,
                "mime": null,
                "url": "https://lh3.googleusercontent.com/a/AATXAJyWRdr6VdE-eXFprhKS4YnqaKGzxfxU3Tzs2Jrb=s96-c"
            }
        },
        "attachment": {
            "filename": "win_95.jpg",
            "mime": "image/jpeg",
            "url": "https://core.dit.upm.es/uploads/7d191735de9b4b1ed2be5c826462f438f6db379e2dd1f167173535fd4c74e08d"
        },
        "favourite": true
    },
    {
        "id": 38,
        "question": "quien es el mas listo",
        "answer": "Rober",
        "author": {
            "isAdmin": false,
            "username": "kikegonzalez",
            "photo": {
                "filename": null,
                "mime": null,
                "url": "https://lh3.googleusercontent.com/-f9rBSIAnUQU/AAAAAAAAAAI/AAAAAAAAAAA/AMZuucnzyWjgmAWuRw187VwmA9nGn630Rw/s96-c/photo.jpg"
            }
        },
        "attachment": null,
        "favourite": false
    },
    {
        "id": 67,
        "question": "Pekka o Megacaballero?",
        "answer": "Pekka",
        "author": {
            "isAdmin": false,
            "username": "juansanjosepeña",
            "photo": {
                "filename": null,
                "mime": null,
                "url": "https://lh3.googleusercontent.com/a/AATXAJyB3s1IxYUx19kcmGvr7CiMjnSZQFHJdXxUCNvo=s96-c"
            }
        },
        "attachment": {
            "filename": "calvo.jpg",
            "mime": "image/jpeg",
            "url": "https://core.dit.upm.es/uploads/2db4ea11c23fff176818d892f771922e6a9218b2098080cb441d145736b0e14f"
        },
        "favourite": false
    },
    {
        "id": 75,
        "question": "Who designed Apple's interface style?",
        "answer": "Susan Kare",
        "author": {
            "isAdmin": false,
            "username": "MartaArcones",
            "photo": {
                "filename": null,
                "mime": null,
                "url": "https://lh3.googleusercontent.com/a-/AOh14GgMxyTkGCBVxT6uriJm8TTTRUqVAd6-gdUTNyzx-g=s96-c"
            }
        },
        "attachment": {
            "filename": "susanKare.jpg",
            "mime": "image/jpeg",
            "url": "https://core.dit.upm.es/uploads/55722abf966b12e9389c48b0616d73144036d9ec7aed5b5ea62fb51887d10b8b"
        },
        "favourite": false
    },
    {
        "id": 22,
        "question": "Capital of Latvia",
        "answer": "Riga",
        "author": {
            "isAdmin": true,
            "username": "admin",
            "photo": {
                "filename": "spg072.jpg",
                "mime": "image/jpeg",
                "url": "https://core.dit.upm.es/uploads/91712eceb48a55c134e80c8f38e955711cbeda8d59b19192fb75f945fcb0fb60"
            }
        },
        "attachment": {
            "filename": "capitals/Riga.jpg",
            "mime": "image/jpeg",
            "url": "https://core.dit.upm.es/uploads/capitals/Riga.jpg"
        },
        "favourite": false
    },
    {
        "id": 11,
        "question": "Capital of Canada",
        "answer": "Ottawa",
        "author": {
            "isAdmin": true,
            "username": "admin",
            "photo": {
                "filename": "spg072.jpg",
                "mime": "image/jpeg",
                "url": "https://core.dit.upm.es/uploads/91712eceb48a55c134e80c8f38e955711cbeda8d59b19192fb75f945fcb0fb60"
            }
        },
        "attachment": {
            "filename": "capitals/Ottawa.jpg",
            "mime": "image/jpeg",
            "url": "https://core.dit.upm.es/uploads/capitals/Ottawa.jpg"
        },
        "favourite": true
    },
    {
        "id": 21,
        "question": "Capital of Estonia",
        "answer": "Tallinn",
        "author": {
            "isAdmin": true,
            "username": "admin",
            "photo": {
                "filename": "spg072.jpg",
                "mime": "image/jpeg",
                "url": "https://core.dit.upm.es/uploads/91712eceb48a55c134e80c8f38e955711cbeda8d59b19192fb75f945fcb0fb60"
            }
        },
        "attachment": {
            "filename": "capitals/Tallinn.jpg",
            "mime": "image/jpeg",
            "url": "https://core.dit.upm.es/uploads/capitals/Tallinn.jpg"
        },
        "favourite": true
    },
    {
        "id": 77,
        "question": "Who lead the complex math behind the first ever US space flight?",
        "answer": "Katherine Johnson",
        "author": {
            "isAdmin": false,
            "username": "MartaArcones",
            "photo": {
                "filename": null,
                "mime": null,
                "url": "https://lh3.googleusercontent.com/a-/AOh14GgMxyTkGCBVxT6uriJm8TTTRUqVAd6-gdUTNyzx-g=s96-c"
            }
        },
        "attachment": {
            "filename": "katherineJohnson.jpg",
            "mime": "image/jpeg",
            "url": "https://core.dit.upm.es/uploads/08b46d69355c513dd1c9fe7f0dac8097e4c5a39ab21914191dde6e916dd90e24"
        },
        "favourite": false
    },
    {
        "id": 73,
        "question": "Who developed the software for NASA's mission that landed on the Moon?",
        "answer": "Margaret Hamilton",
        "author": {
            "isAdmin": false,
            "username": "MartaArcones",
            "photo": {
                "filename": null,
                "mime": null,
                "url": "https://lh3.googleusercontent.com/a-/AOh14GgMxyTkGCBVxT6uriJm8TTTRUqVAd6-gdUTNyzx-g=s96-c"
            }
        },
        "attachment": {
            "filename": "margaretHamilton.jpg",
            "mime": "image/jpeg",
            "url": "https://core.dit.upm.es/uploads/6f696fd0e22d9e81903039c9f6753c70533e534f490e01125752f82df0b6c308"
        },
        "favourite": false
    },
    {
        "id": 52,
        "question": "3*4",
        "answer": "12",
        "author": {
            "isAdmin": false,
            "username": "SantiagoPavon",
            "photo": {
                "filename": null,
                "mime": null,
                "url": "https://lh3.googleusercontent.com/a-/AFdZucr-f9cMSZOhEWQ9Czw60XmuuM0vNxx3BuYoCzd7BFM=s96-c"
            }
        },
        "attachment": null,
        "favourite": true
    },
    {
        "id": 53,
        "question": "¿que tipo de respuestas puede contener las preguntas?",
        "answer": "única",
        "author": {
            "isAdmin": false,
            "username": "AdolfoMA",
            "photo": {
                "filename": null,
                "mime": null,
                "url": "https://lh3.googleusercontent.com/a-/AOh14GiNFlF_EUzglPzD-6Xe5GmmrbuCYQbzehM1wtGImQ=s96-c"
            }
        },
        "attachment": {
            "filename": "kisspng-xfce-xubuntu-logo-desktop-environment-post-it-note-blue-badge-5ae1d4b65d8b64.0812045515247494943832.jpeg",
            "mime": "image/jpeg",
            "url": "https://core.dit.upm.es/uploads/c50f2743fd53354dd3c317197aa862066b0966800e6c0c24f9300c89acad0ce2"
        },
        "favourite": true
    },
    {
        "id": 34,
        "question": "Capital of Portugal",
        "answer": "Lisbon",
        "author": {
            "isAdmin": true,
            "username": "admin",
            "photo": {
                "filename": "spg072.jpg",
                "mime": "image/jpeg",
                "url": "https://core.dit.upm.es/uploads/91712eceb48a55c134e80c8f38e955711cbeda8d59b19192fb75f945fcb0fb60"
            }
        },
        "attachment": {
            "filename": "capitals/Lisbon.jpg",
            "mime": "image/jpeg",
            "url": "https://core.dit.upm.es/uploads/capitals/Lisbon.jpg"
        },
        "favourite": false
    },
    {
        "id": 35,
        "question": "Capital of France",
        "answer": "Paris",
        "author": {
            "isAdmin": true,
            "username": "admin",
            "photo": {
                "filename": "spg072.jpg",
                "mime": "image/jpeg",
                "url": "https://core.dit.upm.es/uploads/91712eceb48a55c134e80c8f38e955711cbeda8d59b19192fb75f945fcb0fb60"
            }
        },
        "attachment": {
            "filename": "capitals/Paris.jpg",
            "mime": "image/jpeg",
            "url": "https://core.dit.upm.es/uploads/capitals/Paris.jpg"
        },
        "favourite": true
    },
    {
        "id": 12,
        "question": "Capital of Honduras",
        "answer": "Tegucigalpa",
        "author": {
            "isAdmin": true,
            "username": "admin",
            "photo": {
                "filename": "spg072.jpg",
                "mime": "image/jpeg",
                "url": "https://core.dit.upm.es/uploads/91712eceb48a55c134e80c8f38e955711cbeda8d59b19192fb75f945fcb0fb60"
            }
        },
        "attachment": {
            "filename": "capitals/Tegucigalpa.jpg",
            "mime": "image/jpeg",
            "url": "https://core.dit.upm.es/uploads/capitals/Tegucigalpa.jpg"
        },
        "favourite": true
    },
    {
        "id": 42,
        "question": "Quiz de prueba",
        "answer": "prueba",
        "author": {
            "isAdmin": false,
            "username": "JavierSanchezFernandez",
            "photo": {
                "filename": null,
                "mime": null,
                "url": "https://lh3.googleusercontent.com/a-/AOh14GjkYAk6pT1DsSFO6RrqP-HDn8YYi7CBEh288MuOcw=s96-c"
            }
        },
        "attachment": null,
        "favourite": true
    },
    {
        "id": 56,
        "question": "¿Es Taiwan un pais?",
        "answer": "No",
        "author": {
            "isAdmin": false,
            "username": "juansanjosepeña",
            "photo": {
                "filename": null,
                "mime": null,
                "url": "https://lh3.googleusercontent.com/a/AATXAJyB3s1IxYUx19kcmGvr7CiMjnSZQFHJdXxUCNvo=s96-c"
            }
        },
        "attachment": {
            "filename": "johncena.jpg",
            "mime": "image/jpeg",
            "url": "https://core.dit.upm.es/uploads/9fa1e09852d9402d48063ae0c16625d29ac4b981d3a6ac2e7f680cba9fa204c3"
        },
        "favourite": false
    },
    {
        "id": 19,
        "question": "Capital of Azerbaijan",
        "answer": "Baku",
        "author": {
            "isAdmin": true,
            "username": "admin",
            "photo": {
                "filename": "spg072.jpg",
                "mime": "image/jpeg",
                "url": "https://core.dit.upm.es/uploads/91712eceb48a55c134e80c8f38e955711cbeda8d59b19192fb75f945fcb0fb60"
            }
        },
        "attachment": {
            "filename": "capitals/Baku.jpg",
            "mime": "image/jpeg",
            "url": "https://core.dit.upm.es/uploads/capitals/Baku.jpg"
        },
        "favourite": true
    },
    {
        "id": 7,
        "question": "Capital of Australia",
        "answer": "Canberra",
        "author": {
            "isAdmin": true,
            "username": "admin",
            "photo": {
                "filename": "spg072.jpg",
                "mime": "image/jpeg",
                "url": "https://core.dit.upm.es/uploads/91712eceb48a55c134e80c8f38e955711cbeda8d59b19192fb75f945fcb0fb60"
            }
        },
        "attachment": {
            "filename": "capitals/Canberra.jpg",
            "mime": "image/jpeg",
            "url": "https://core.dit.upm.es/uploads/capitals/Canberra.jpg"
        },
        "favourite": false
    },
    {
        "id": 68,
        "question": "Qué dice el bicho?",
        "answer": "Siuuuuuuuu",
        "author": {
            "isAdmin": false,
            "username": "juansanjosepeña",
            "photo": {
                "filename": null,
                "mime": null,
                "url": "https://lh3.googleusercontent.com/a/AATXAJyB3s1IxYUx19kcmGvr7CiMjnSZQFHJdXxUCNvo=s96-c"
            }
        },
        "attachment": {
            "filename": "6171fc8b449b0.jpeg",
            "mime": "image/jpeg",
            "url": "https://core.dit.upm.es/uploads/a302488369eef6c6e5357d37fd118be9782bc942fc501686037a6c6be8260df0"
        },
        "favourite": false
    },
    {
        "id": 8,
        "question": "Capital of Japan",
        "answer": "Tokyo",
        "author": {
            "isAdmin": true,
            "username": "admin",
            "photo": {
                "filename": "spg072.jpg",
                "mime": "image/jpeg",
                "url": "https://core.dit.upm.es/uploads/91712eceb48a55c134e80c8f38e955711cbeda8d59b19192fb75f945fcb0fb60"
            }
        },
        "attachment": {
            "filename": "capitals/Tokyo.jpg",
            "mime": "image/jpeg",
            "url": "https://core.dit.upm.es/uploads/capitals/Tokyo.jpg"
        },
        "favourite": true
    },
    {
        "id": 28,
        "question": "Capital of Norway",
        "answer": "Oslo",
        "author": {
            "isAdmin": true,
            "username": "admin",
            "photo": {
                "filename": "spg072.jpg",
                "mime": "image/jpeg",
                "url": "https://core.dit.upm.es/uploads/91712eceb48a55c134e80c8f38e955711cbeda8d59b19192fb75f945fcb0fb60"
            }
        },
        "attachment": {
            "filename": "capitals/Oslo.jpg",
            "mime": "image/jpeg",
            "url": "https://core.dit.upm.es/uploads/capitals/Oslo.jpg"
        },
        "favourite": true
    },
    {
        "id": 60,
        "question": "¿¿¿¿¿Dónde están los tíos?????",
        "answer": "LOS TÍOS LOS TÍOS DONDE ESTÁN LOS TÍOS",
        "author": {
            "isAdmin": false,
            "username": "SamuelGarcíaSánchez",
            "photo": {
                "filename": null,
                "mime": null,
                "url": "https://lh3.googleusercontent.com/a-/AOh14GhjSwT-zSKWdOI-gDdgUzJPRFPjtx4QBPMxaqEyr30=s96-c"
            }
        },
        "attachment": {
            "filename": "descarga.jpeg",
            "mime": "image/jpeg",
            "url": "https://core.dit.upm.es/uploads/a2105ca56ec77280d522c57af18de58aa494d67209ecfd9a517a7905187f3522"
        },
        "favourite": false
    },
    {
        "id": 23,
        "question": "Capital of Morocco",
        "answer": "Rabat",
        "author": {
            "isAdmin": true,
            "username": "admin",
            "photo": {
                "filename": "spg072.jpg",
                "mime": "image/jpeg",
                "url": "https://core.dit.upm.es/uploads/91712eceb48a55c134e80c8f38e955711cbeda8d59b19192fb75f945fcb0fb60"
            }
        },
        "attachment": {
            "filename": "capitals/Rabat.jpg",
            "mime": "image/jpeg",
            "url": "https://core.dit.upm.es/uploads/capitals/Rabat.jpg"
        },
        "favourite": true
    },
    {
        "id": 33,
        "question": "Capital of Spain",
        "answer": "Madrid",
        "author": {
            "isAdmin": true,
            "username": "admin",
            "photo": {
                "filename": "spg072.jpg",
                "mime": "image/jpeg",
                "url": "https://core.dit.upm.es/uploads/91712eceb48a55c134e80c8f38e955711cbeda8d59b19192fb75f945fcb0fb60"
            }
        },
        "attachment": {
            "filename": "capitals/Madrid.jpg",
            "mime": "image/jpeg",
            "url": "https://core.dit.upm.es/uploads/capitals/Madrid.jpg"
        },
        "favourite": true
    },
    {
        "id": 9,
        "question": "Capital of Croatia",
        "answer": "Zagreb",
        "author": {
            "isAdmin": true,
            "username": "admin",
            "photo": {
                "filename": "spg072.jpg",
                "mime": "image/jpeg",
                "url": "https://core.dit.upm.es/uploads/91712eceb48a55c134e80c8f38e955711cbeda8d59b19192fb75f945fcb0fb60"
            }
        },
        "attachment": {
            "filename": "capitals/Zagreb.jpg",
            "mime": "image/jpeg",
            "url": "https://core.dit.upm.es/uploads/capitals/Zagreb.jpg"
        },
        "favourite": true
    },
    {
        "id": 46,
        "question": "¿Puntuación funciona?",
        "answer": "Si",
        "author": {
            "isAdmin": false,
            "username": "RobertoMartin",
            "photo": {
                "filename": null,
                "mime": null,
                "url": "https://lh3.googleusercontent.com/a-/AOh14Gh9yr9ufQCy7chBD8I5LgJ4fxtfVdL3BjAq_sugxQ=s96-c"
            }
        },
        "attachment": {
            "filename": "no.jpg",
            "mime": "image/jpeg",
            "url": "https://core.dit.upm.es/uploads/aa0f57bb222d7f63a79be3df27ace6c2cf3e0dab88318d91df755a5d9e1b1b0c"
        },
        "favourite": false
    },
    {
        "id": 40,
        "question": "Nombre de este pirata",
        "answer": "Lechuck",
        "author": {
            "isAdmin": false,
            "username": "SantiagoPavon",
            "photo": {
                "filename": null,
                "mime": null,
                "url": "https://lh3.googleusercontent.com/a-/AFdZucr-f9cMSZOhEWQ9Czw60XmuuM0vNxx3BuYoCzd7BFM=s96-c"
            }
        },
        "attachment": {
            "filename": "lechuck.jpg",
            "mime": "image/jpeg",
            "url": "https://core.dit.upm.es/uploads/48924346cea023d6d04e4ae02599f7b37efb6cd43e5af14c15707e638bea06f5"
        },
        "favourite": false
    },
    {
        "id": 6,
        "question": "Capital of Germany",
        "answer": "Berlin",
        "author": {
            "isAdmin": true,
            "username": "admin",
            "photo": {
                "filename": "spg072.jpg",
                "mime": "image/jpeg",
                "url": "https://core.dit.upm.es/uploads/91712eceb48a55c134e80c8f38e955711cbeda8d59b19192fb75f945fcb0fb60"
            }
        },
        "attachment": {
            "filename": "capitals/Berlin.jpg",
            "mime": "image/jpeg",
            "url": "https://core.dit.upm.es/uploads/capitals/Berlin.jpg"
        },
        "favourite": false
    },
    {
        "id": 16,
        "question": "Capital of Ecuador",
        "answer": "Quito",
        "author": {
            "isAdmin": true,
            "username": "admin",
            "photo": {
                "filename": "spg072.jpg",
                "mime": "image/jpeg",
                "url": "https://core.dit.upm.es/uploads/91712eceb48a55c134e80c8f38e955711cbeda8d59b19192fb75f945fcb0fb60"
            }
        },
        "attachment": {
            "filename": "capitals/Quito.jpg",
            "mime": "image/jpeg",
            "url": "https://core.dit.upm.es/uploads/capitals/Quito.jpg"
        },
        "favourite": true
    },
    {
        "id": 17,
        "question": "Capital of Chile",
        "answer": "Santiago",
        "author": {
            "isAdmin": true,
            "username": "admin",
            "photo": {
                "filename": "spg072.jpg",
                "mime": "image/jpeg",
                "url": "https://core.dit.upm.es/uploads/91712eceb48a55c134e80c8f38e955711cbeda8d59b19192fb75f945fcb0fb60"
            }
        },
        "attachment": {
            "filename": "capitals/Santiago.jpg",
            "mime": "image/jpeg",
            "url": "https://core.dit.upm.es/uploads/capitals/Santiago.jpg"
        },
        "favourite": true
    },
    {
        "id": 36,
        "question": "Capital of Italy",
        "answer": "Rome",
        "author": {
            "isAdmin": true,
            "username": "admin",
            "photo": {
                "filename": "spg072.jpg",
                "mime": "image/jpeg",
                "url": "https://core.dit.upm.es/uploads/91712eceb48a55c134e80c8f38e955711cbeda8d59b19192fb75f945fcb0fb60"
            }
        },
        "attachment": {
            "filename": "capitals/Rome.jpg",
            "mime": "image/jpeg",
            "url": "https://core.dit.upm.es/uploads/capitals/Rome.jpg"
        },
        "favourite": true
    },
    {
        "id": 18,
        "question": "Capital of Cyprus",
        "answer": "Nicosia",
        "author": {
            "isAdmin": true,
            "username": "admin",
            "photo": {
                "filename": "spg072.jpg",
                "mime": "image/jpeg",
                "url": "https://core.dit.upm.es/uploads/91712eceb48a55c134e80c8f38e955711cbeda8d59b19192fb75f945fcb0fb60"
            }
        },
        "attachment": {
            "filename": "capitals/Nicosia.jpg",
            "mime": "image/jpeg",
            "url": "https://core.dit.upm.es/uploads/capitals/Nicosia.jpg"
        },
        "favourite": true
    },
    {
        "id": 58,
        "question": "hola",
        "answer": "adios",
        "author": {
            "isAdmin": false,
            "username": "TerceraDecuatro",
            "photo": {
                "filename": null,
                "mime": null,
                "url": "https://lh3.googleusercontent.com/a/AATXAJxDDOIqnJeUZqu0eGszT_M2hUF0TaATmokLoiE=s96-c"
            }
        },
        "attachment": null,
        "favourite": true
    },
    {
        "id": 61,
        "question": "¿En qué año fue 1+1?",
        "answer": "la respuesta es el fantastico Ralph!",
        "author": {
            "isAdmin": false,
            "username": "AlvaroBustamante",
            "photo": {
                "filename": null,
                "mime": null,
                "url": "https://lh3.googleusercontent.com/a-/AOh14GhYdgwnnS69lUUcZtaqUU7Z4bPC7vGbFxmDIOvL-w=s96-c"
            }
        },
        "attachment": {
            "filename": "RalphWiggum4.jpeg",
            "mime": "image/jpeg",
            "url": "https://core.dit.upm.es/uploads/0236b7244fac0df8dafe5ba3442ebdb31711fa78aca7801f9521ec14acdbd2c7"
        },
        "favourite": false
    },
    {
        "id": 41,
        "question": "Como me llamo?",
        "answer": "Javier",
        "author": {
            "isAdmin": false,
            "username": "JavierSanchezFernandez",
            "photo": {
                "filename": null,
                "mime": null,
                "url": "https://lh3.googleusercontent.com/a-/AOh14GjkYAk6pT1DsSFO6RrqP-HDn8YYi7CBEh288MuOcw=s96-c"
            }
        },
        "attachment": {
            "filename": "logoApp.png",
            "mime": "image/png",
            "url": "https://core.dit.upm.es/uploads/d3162ae56f4e045a48a2005917d4218b0c9f68df2e8e861e9bb5b6a6a8cd02bf"
        },
        "favourite": true
    },
    {
        "id": 5,
        "question": "Capital of Russia",
        "answer": "Moscow",
        "author": {
            "isAdmin": true,
            "username": "admin",
            "photo": {
                "filename": "spg072.jpg",
                "mime": "image/jpeg",
                "url": "https://core.dit.upm.es/uploads/91712eceb48a55c134e80c8f38e955711cbeda8d59b19192fb75f945fcb0fb60"
            }
        },
        "attachment": {
            "filename": "capitals/Moscow.jpg",
            "mime": "image/jpeg",
            "url": "https://core.dit.upm.es/uploads/capitals/Moscow.jpg"
        },
        "favourite": false
    },
    {
        "id": 51,
        "question": "[ANIMATED GIF!!] Who's this?",
        "answer": "Garfield",
        "author": {
            "isAdmin": false,
            "username": "ManuelGuarinosLópez",
            "photo": {
                "filename": null,
                "mime": null,
                "url": "https://lh3.googleusercontent.com/a-/AOh14Gjhi_DRZi7QrPQdqNuM-5LW-CRSGQyU57S510Z1Gg=s96-c"
            }
        },
        "attachment": {
            "filename": "tenor.gif",
            "mime": "image/gif",
            "url": "https://core.dit.upm.es/uploads/4b23b19e9262e54e8a055133a38e61678fd8e294f4520f3ccecf599af2b28741"
        },
        "favourite": false
    },
    {
        "id": 74,
        "question": "Who developed the first compiler and COBOL programming language?",
        "answer": "Grace Hopper",
        "author": {
            "isAdmin": false,
            "username": "MartaArcones",
            "photo": {
                "filename": null,
                "mime": null,
                "url": "https://lh3.googleusercontent.com/a-/AOh14GgMxyTkGCBVxT6uriJm8TTTRUqVAd6-gdUTNyzx-g=s96-c"
            }
        },
        "attachment": {
            "filename": "graceHopper.jpg",
            "mime": "image/jpeg",
            "url": "https://core.dit.upm.es/uploads/92822ccfd22ba65cf428ce6820b8ab925cf95c928c9e10e8ea63f6b5209689e8"
        },
        "favourite": false
    },
    {
        "id": 24,
        "question": "Capital of Switzerland",
        "answer": "Bern",
        "author": {
            "isAdmin": true,
            "username": "admin",
            "photo": {
                "filename": "spg072.jpg",
                "mime": "image/jpeg",
                "url": "https://core.dit.upm.es/uploads/91712eceb48a55c134e80c8f38e955711cbeda8d59b19192fb75f945fcb0fb60"
            }
        },
        "attachment": {
            "filename": "capitals/Bern.jpg",
            "mime": "image/jpeg",
            "url": "https://core.dit.upm.es/uploads/capitals/Bern.jpg"
        },
        "favourite": false
    }
]
